-- phpMyAdmin SQL Dump
-- version 5.2.1
-- https://www.phpmyadmin.net/
--
-- Host: 127.0.0.1
-- Generation Time: Feb 02, 2025 at 10:12 AM
-- Server version: 10.4.32-MariaDB
-- PHP Version: 8.2.12

SET SQL_MODE = "NO_AUTO_VALUE_ON_ZERO";
START TRANSACTION;
SET time_zone = "+00:00";


/*!40101 SET @OLD_CHARACTER_SET_CLIENT=@@CHARACTER_SET_CLIENT */;
/*!40101 SET @OLD_CHARACTER_SET_RESULTS=@@CHARACTER_SET_RESULTS */;
/*!40101 SET @OLD_COLLATION_CONNECTION=@@COLLATION_CONNECTION */;
/*!40101 SET NAMES utf8mb4 */;

--
-- Database: `role_management`
--

-- --------------------------------------------------------

--
-- Table structure for table `articles`
--

CREATE TABLE `articles` (
  `id` bigint(20) UNSIGNED NOT NULL,
  `title` varchar(255) NOT NULL,
  `text` text NOT NULL,
  `author` varchar(255) NOT NULL,
  `created_at` timestamp NULL DEFAULT NULL,
  `updated_at` timestamp NULL DEFAULT NULL
) ENGINE=InnoDB DEFAULT CHARSET=utf8mb4 COLLATE=utf8mb4_unicode_ci;

--
-- Dumping data for table `articles`
--

INSERT INTO `articles` (`id`, `title`, `text`, `author`, `created_at`, `updated_at`) VALUES
(3, 'Article test', 'Test content', 'John Doe', '2025-01-27 04:06:58', '2025-01-27 04:06:58'),
(4, 'Hello World', 'hello world', 'Mukesh Bhavsar', '2025-01-27 04:07:15', '2025-01-27 04:07:15');

-- --------------------------------------------------------

--
-- Table structure for table `cache`
--

CREATE TABLE `cache` (
  `key` varchar(255) NOT NULL,
  `value` mediumtext NOT NULL,
  `expiration` int(11) NOT NULL
) ENGINE=InnoDB DEFAULT CHARSET=utf8mb4 COLLATE=utf8mb4_unicode_ci;

--
-- Dumping data for table `cache`
--

INSERT INTO `cache` (`key`, `value`, `expiration`) VALUES
('spatie.permission.cache', 'a:3:{s:5:\"alias\";a:4:{s:1:\"a\";s:2:\"id\";s:1:\"b\";s:4:\"name\";s:1:\"c\";s:10:\"guard_name\";s:1:\"r\";s:5:\"roles\";}s:11:\"permissions\";a:17:{i:0;a:4:{s:1:\"a\";i:1;s:1:\"b\";s:13:\"view articles\";s:1:\"c\";s:3:\"web\";s:1:\"r\";a:2:{i:0;i:3;i:1;i:4;}}i:1;a:4:{s:1:\"a\";i:4;s:1:\"b\";s:15:\"create articles\";s:1:\"c\";s:3:\"web\";s:1:\"r\";a:2:{i:0;i:3;i:1;i:4;}}i:2;a:4:{s:1:\"a\";i:5;s:1:\"b\";s:13:\"edit articles\";s:1:\"c\";s:3:\"web\";s:1:\"r\";a:1:{i:0;i:3;}}i:3;a:4:{s:1:\"a\";i:6;s:1:\"b\";s:15:\"delete articles\";s:1:\"c\";s:3:\"web\";s:1:\"r\";a:1:{i:0;i:3;}}i:4;a:4:{s:1:\"a\";i:7;s:1:\"b\";s:12:\"create roles\";s:1:\"c\";s:3:\"web\";s:1:\"r\";a:1:{i:0;i:3;}}i:5;a:4:{s:1:\"a\";i:8;s:1:\"b\";s:10:\"view roles\";s:1:\"c\";s:3:\"web\";s:1:\"r\";a:1:{i:0;i:3;}}i:6;a:4:{s:1:\"a\";i:9;s:1:\"b\";s:10:\"edit roles\";s:1:\"c\";s:3:\"web\";s:1:\"r\";a:1:{i:0;i:3;}}i:7;a:4:{s:1:\"a\";i:10;s:1:\"b\";s:12:\"delete roles\";s:1:\"c\";s:3:\"web\";s:1:\"r\";a:1:{i:0;i:3;}}i:8;a:4:{s:1:\"a\";i:11;s:1:\"b\";s:10:\"view users\";s:1:\"c\";s:3:\"web\";s:1:\"r\";a:1:{i:0;i:3;}}i:9;a:4:{s:1:\"a\";i:12;s:1:\"b\";s:10:\"edit users\";s:1:\"c\";s:3:\"web\";s:1:\"r\";a:1:{i:0;i:3;}}i:10;a:4:{s:1:\"a\";i:13;s:1:\"b\";s:16:\"view permissions\";s:1:\"c\";s:3:\"web\";s:1:\"r\";a:1:{i:0;i:3;}}i:11;a:4:{s:1:\"a\";i:14;s:1:\"b\";s:18:\"create permissions\";s:1:\"c\";s:3:\"web\";s:1:\"r\";a:1:{i:0;i:3;}}i:12;a:4:{s:1:\"a\";i:15;s:1:\"b\";s:16:\"edit permissions\";s:1:\"c\";s:3:\"web\";s:1:\"r\";a:1:{i:0;i:3;}}i:13;a:4:{s:1:\"a\";i:16;s:1:\"b\";s:18:\"delete permissions\";s:1:\"c\";s:3:\"web\";s:1:\"r\";a:1:{i:0;i:3;}}i:14;a:4:{s:1:\"a\";i:17;s:1:\"b\";s:16:\"Can create video\";s:1:\"c\";s:3:\"web\";s:1:\"r\";a:1:{i:0;i:5;}}i:15;a:4:{s:1:\"a\";i:18;s:1:\"b\";s:14:\"Can edit video\";s:1:\"c\";s:3:\"web\";s:1:\"r\";a:1:{i:0;i:5;}}i:16;a:4:{s:1:\"a\";i:19;s:1:\"b\";s:12:\"create users\";s:1:\"c\";s:3:\"web\";s:1:\"r\";a:1:{i:0;i:3;}}}s:5:\"roles\";a:3:{i:0;a:3:{s:1:\"a\";i:3;s:1:\"b\";s:5:\"Admin\";s:1:\"c\";s:3:\"web\";}i:1;a:3:{s:1:\"a\";i:4;s:1:\"b\";s:5:\"Staff\";s:1:\"c\";s:3:\"web\";}i:2;a:3:{s:1:\"a\";i:5;s:1:\"b\";s:12:\"Video editor\";s:1:\"c\";s:3:\"web\";}}}', 1738573428);

-- --------------------------------------------------------

--
-- Table structure for table `cache_locks`
--

CREATE TABLE `cache_locks` (
  `key` varchar(255) NOT NULL,
  `owner` varchar(255) NOT NULL,
  `expiration` int(11) NOT NULL
) ENGINE=InnoDB DEFAULT CHARSET=utf8mb4 COLLATE=utf8mb4_unicode_ci;

-- --------------------------------------------------------

--
-- Table structure for table `failed_jobs`
--

CREATE TABLE `failed_jobs` (
  `id` bigint(20) UNSIGNED NOT NULL,
  `uuid` varchar(255) NOT NULL,
  `connection` text NOT NULL,
  `queue` text NOT NULL,
  `payload` longtext NOT NULL,
  `exception` longtext NOT NULL,
  `failed_at` timestamp NOT NULL DEFAULT current_timestamp()
) ENGINE=InnoDB DEFAULT CHARSET=utf8mb4 COLLATE=utf8mb4_unicode_ci;

-- --------------------------------------------------------

--
-- Table structure for table `jobs`
--

CREATE TABLE `jobs` (
  `id` bigint(20) UNSIGNED NOT NULL,
  `queue` varchar(255) NOT NULL,
  `payload` longtext NOT NULL,
  `attempts` tinyint(3) UNSIGNED NOT NULL,
  `reserved_at` int(10) UNSIGNED DEFAULT NULL,
  `available_at` int(10) UNSIGNED NOT NULL,
  `created_at` int(10) UNSIGNED NOT NULL
) ENGINE=InnoDB DEFAULT CHARSET=utf8mb4 COLLATE=utf8mb4_unicode_ci;

-- --------------------------------------------------------

--
-- Table structure for table `job_batches`
--

CREATE TABLE `job_batches` (
  `id` varchar(255) NOT NULL,
  `name` varchar(255) NOT NULL,
  `total_jobs` int(11) NOT NULL,
  `pending_jobs` int(11) NOT NULL,
  `failed_jobs` int(11) NOT NULL,
  `failed_job_ids` longtext NOT NULL,
  `options` mediumtext DEFAULT NULL,
  `cancelled_at` int(11) DEFAULT NULL,
  `created_at` int(11) NOT NULL,
  `finished_at` int(11) DEFAULT NULL
) ENGINE=InnoDB DEFAULT CHARSET=utf8mb4 COLLATE=utf8mb4_unicode_ci;

-- --------------------------------------------------------

--
-- Table structure for table `migrations`
--

CREATE TABLE `migrations` (
  `id` int(10) UNSIGNED NOT NULL,
  `migration` varchar(255) NOT NULL,
  `batch` int(11) NOT NULL
) ENGINE=InnoDB DEFAULT CHARSET=utf8mb4 COLLATE=utf8mb4_unicode_ci;

--
-- Dumping data for table `migrations`
--

INSERT INTO `migrations` (`id`, `migration`, `batch`) VALUES
(1, '0001_01_01_000000_create_users_table', 1),
(2, '0001_01_01_000001_create_cache_table', 1),
(3, '0001_01_01_000002_create_jobs_table', 1),
(4, '2025_01_16_051332_create_products_table', 1),
(5, '2025_01_26_135904_create_permission_tables', 2),
(6, '2025_01_27_085544_create_articles_table', 3);

-- --------------------------------------------------------

--
-- Table structure for table `model_has_permissions`
--

CREATE TABLE `model_has_permissions` (
  `permission_id` bigint(20) UNSIGNED NOT NULL,
  `model_type` varchar(255) NOT NULL,
  `model_id` bigint(20) UNSIGNED NOT NULL
) ENGINE=InnoDB DEFAULT CHARSET=utf8mb4 COLLATE=utf8mb4_unicode_ci;

-- --------------------------------------------------------

--
-- Table structure for table `model_has_roles`
--

CREATE TABLE `model_has_roles` (
  `role_id` bigint(20) UNSIGNED NOT NULL,
  `model_type` varchar(255) NOT NULL,
  `model_id` bigint(20) UNSIGNED NOT NULL
) ENGINE=InnoDB DEFAULT CHARSET=utf8mb4 COLLATE=utf8mb4_unicode_ci;

--
-- Dumping data for table `model_has_roles`
--

INSERT INTO `model_has_roles` (`role_id`, `model_type`, `model_id`) VALUES
(3, 'App\\Models\\User', 1),
(4, 'App\\Models\\User', 1),
(4, 'App\\Models\\User', 2),
(5, 'App\\Models\\User', 3),
(6, 'App\\Models\\User', 4);

-- --------------------------------------------------------

--
-- Table structure for table `password_reset_tokens`
--

CREATE TABLE `password_reset_tokens` (
  `email` varchar(255) NOT NULL,
  `token` varchar(255) NOT NULL,
  `created_at` timestamp NULL DEFAULT NULL
) ENGINE=InnoDB DEFAULT CHARSET=utf8mb4 COLLATE=utf8mb4_unicode_ci;

-- --------------------------------------------------------

--
-- Table structure for table `permissions`
--

CREATE TABLE `permissions` (
  `id` bigint(20) UNSIGNED NOT NULL,
  `name` varchar(255) NOT NULL,
  `guard_name` varchar(255) NOT NULL,
  `created_at` timestamp NULL DEFAULT NULL,
  `updated_at` timestamp NULL DEFAULT NULL
) ENGINE=InnoDB DEFAULT CHARSET=utf8mb4 COLLATE=utf8mb4_unicode_ci;

--
-- Dumping data for table `permissions`
--

INSERT INTO `permissions` (`id`, `name`, `guard_name`, `created_at`, `updated_at`) VALUES
(1, 'view articles', 'web', '2025-01-26 08:54:50', '2025-01-27 04:56:29'),
(4, 'create articles', 'web', '2025-01-27 04:55:40', '2025-01-27 04:56:25'),
(5, 'edit articles', 'web', '2025-01-27 04:55:52', '2025-01-27 04:56:22'),
(6, 'delete articles', 'web', '2025-01-27 04:57:46', '2025-01-27 04:57:46'),
(7, 'create roles', 'web', '2025-01-27 04:57:59', '2025-01-27 04:57:59'),
(8, 'view roles', 'web', '2025-01-27 04:58:06', '2025-01-27 04:58:06'),
(9, 'edit roles', 'web', '2025-01-27 04:58:12', '2025-01-27 04:58:12'),
(10, 'delete roles', 'web', '2025-01-27 04:58:18', '2025-01-27 04:58:18'),
(11, 'view users', 'web', '2025-01-27 04:58:25', '2025-01-27 04:58:25'),
(12, 'edit users', 'web', '2025-01-27 04:58:31', '2025-01-27 04:58:31'),
(13, 'view permissions', 'web', '2025-01-27 04:58:37', '2025-01-27 04:58:37'),
(14, 'create permissions', 'web', '2025-01-27 04:58:42', '2025-01-27 04:59:04'),
(15, 'edit permissions', 'web', '2025-01-27 04:58:51', '2025-01-27 04:58:51'),
(16, 'delete permissions', 'web', '2025-01-27 04:59:12', '2025-01-27 04:59:12'),
(17, 'Can create video', 'web', '2025-01-27 06:05:50', '2025-01-27 06:05:50'),
(18, 'Can edit video', 'web', '2025-01-27 06:06:53', '2025-01-27 06:06:53'),
(19, 'create users', 'web', '2025-02-02 03:33:01', '2025-02-02 03:33:48');

-- --------------------------------------------------------

--
-- Table structure for table `roles`
--

CREATE TABLE `roles` (
  `id` bigint(20) UNSIGNED NOT NULL,
  `name` varchar(255) NOT NULL,
  `guard_name` varchar(255) NOT NULL,
  `created_at` timestamp NULL DEFAULT NULL,
  `updated_at` timestamp NULL DEFAULT NULL
) ENGINE=InnoDB DEFAULT CHARSET=utf8mb4 COLLATE=utf8mb4_unicode_ci;

--
-- Dumping data for table `roles`
--

INSERT INTO `roles` (`id`, `name`, `guard_name`, `created_at`, `updated_at`) VALUES
(3, 'Admin', 'web', '2025-01-27 04:24:06', '2025-01-27 04:24:06'),
(4, 'Staff', 'web', '2025-01-27 04:24:12', '2025-01-27 04:24:12'),
(5, 'Video editor', 'web', '2025-01-27 06:07:53', '2025-01-27 06:07:53'),
(6, 'Super Admin', 'web', '2025-02-02 02:38:00', '2025-02-02 02:38:00');

-- --------------------------------------------------------

--
-- Table structure for table `role_has_permissions`
--

CREATE TABLE `role_has_permissions` (
  `permission_id` bigint(20) UNSIGNED NOT NULL,
  `role_id` bigint(20) UNSIGNED NOT NULL
) ENGINE=InnoDB DEFAULT CHARSET=utf8mb4 COLLATE=utf8mb4_unicode_ci;

--
-- Dumping data for table `role_has_permissions`
--

INSERT INTO `role_has_permissions` (`permission_id`, `role_id`) VALUES
(1, 3),
(1, 4),
(4, 3),
(4, 4),
(5, 3),
(6, 3),
(7, 3),
(8, 3),
(9, 3),
(10, 3),
(11, 3),
(12, 3),
(13, 3),
(14, 3),
(15, 3),
(16, 3),
(17, 5),
(18, 5),
(19, 3);

-- --------------------------------------------------------

--
-- Table structure for table `sessions`
--

CREATE TABLE `sessions` (
  `id` varchar(255) NOT NULL,
  `user_id` bigint(20) UNSIGNED DEFAULT NULL,
  `ip_address` varchar(45) DEFAULT NULL,
  `user_agent` text DEFAULT NULL,
  `payload` longtext NOT NULL,
  `last_activity` int(11) NOT NULL
) ENGINE=InnoDB DEFAULT CHARSET=utf8mb4 COLLATE=utf8mb4_unicode_ci;

--
-- Dumping data for table `sessions`
--

INSERT INTO `sessions` (`id`, `user_id`, `ip_address`, `user_agent`, `payload`, `last_activity`) VALUES
('EZkgbmvIqD7r2s9Y9924INY8btoCdZDefXrzaAc4', 1, '127.0.0.1', 'Mozilla/5.0 (Windows NT 10.0; Win64; x64) AppleWebKit/537.36 (KHTML, like Gecko) Chrome/132.0.0.0 Safari/537.36', 'YTo0OntzOjY6Il90b2tlbiI7czo0MDoiRXpvZHRVYVpDeGU3T3lOdkxMQlJzdnpTek00T0Q2TGRBSnQ3QzBWcCI7czo2OiJfZmxhc2giO2E6Mjp7czozOiJvbGQiO2E6MDp7fXM6MzoibmV3IjthOjA6e319czo5OiJfcHJldmlvdXMiO2E6MTp7czozOiJ1cmwiO3M6Mjc6Imh0dHA6Ly8xMjcuMC4wLjE6ODAwMC91c2VycyI7fXM6NTA6ImxvZ2luX3dlYl81OWJhMzZhZGRjMmIyZjk0MDE1ODBmMDE0YzdmNThlYTRlMzA5ODlkIjtpOjE7fQ==', 1738487454),
('QOngghT8dUwXbzI0BSxqoaaXeYkm96XwpB5OZSMx', 4, '127.0.0.1', 'Mozilla/5.0 (Windows NT 10.0; Win64; x64) AppleWebKit/537.36 (KHTML, like Gecko) Chrome/132.0.0.0 Safari/537.36', 'YTo0OntzOjY6Il90b2tlbiI7czo0MDoiTWoyTHJITlA5VzNMZnQ3bXJtamFOV2xxajdOM094S1laUGlEV2EyRSI7czo2OiJfZmxhc2giO2E6Mjp7czozOiJvbGQiO2E6MDp7fXM6MzoibmV3IjthOjA6e319czo5OiJfcHJldmlvdXMiO2E6MTp7czozOiJ1cmwiO3M6MzE6Imh0dHA6Ly8xMjcuMC4wLjE6ODAwMC9kYXNoYm9hcmQiO31zOjUwOiJsb2dpbl93ZWJfNTliYTM2YWRkYzJiMmY5NDAxNTgwZjAxNGM3ZjU4ZWE0ZTMwOTg5ZCI7aTo0O30=', 1738484537);

-- --------------------------------------------------------

--
-- Table structure for table `users`
--

CREATE TABLE `users` (
  `id` bigint(20) UNSIGNED NOT NULL,
  `name` varchar(255) NOT NULL,
  `email` varchar(255) NOT NULL,
  `email_verified_at` timestamp NULL DEFAULT NULL,
  `password` varchar(255) NOT NULL,
  `remember_token` varchar(100) DEFAULT NULL,
  `created_at` timestamp NULL DEFAULT NULL,
  `updated_at` timestamp NULL DEFAULT NULL
) ENGINE=InnoDB DEFAULT CHARSET=utf8mb4 COLLATE=utf8mb4_unicode_ci;

--
-- Dumping data for table `users`
--

INSERT INTO `users` (`id`, `name`, `email`, `email_verified_at`, `password`, `remember_token`, `created_at`, `updated_at`) VALUES
(1, 'Mukesh Bhavsar', 'mukeshbhavsar210@gmail.com', NULL, '$2y$12$yNDbeEr2GCJ/K20tFFhTTOMwlshfFUIJ.gHK0vZ3HMXh49ir/wuO6', NULL, '2025-01-26 08:28:00', '2025-01-26 08:28:00'),
(2, 'Priyanka Bhavsar', 'p.bhavsar2610@gmail.com', NULL, '$2y$12$5AeijLSFTncgwDG83ZC7auuYdKaAjwhXVDX/2q2cYqZnOYsnt5yG6', NULL, '2025-01-27 05:00:57', '2025-01-27 05:00:57'),
(3, 'Dhruv Bhavsar', 'dhruvbhavsar210@gmail.com', NULL, '$2y$12$OwfIY3oOU2ptWnqWQwlMc.p3iDkMVEd7fQbQYpe.wz6hnVLt9KMG2', NULL, '2025-01-27 06:04:37', '2025-01-27 06:04:37'),
(4, 'SuperAdmin', 'superadmin@gmail.com', NULL, '$2y$12$MaiiJOFFex7YJZPQFGBOueaDrabJW.Vip8SvJe2NW7paQkZ.0tQLW', NULL, '2025-02-02 02:52:17', '2025-02-02 02:52:17');

--
-- Indexes for dumped tables
--

--
-- Indexes for table `articles`
--
ALTER TABLE `articles`
  ADD PRIMARY KEY (`id`);

--
-- Indexes for table `cache`
--
ALTER TABLE `cache`
  ADD PRIMARY KEY (`key`);

--
-- Indexes for table `cache_locks`
--
ALTER TABLE `cache_locks`
  ADD PRIMARY KEY (`key`);

--
-- Indexes for table `failed_jobs`
--
ALTER TABLE `failed_jobs`
  ADD PRIMARY KEY (`id`),
  ADD UNIQUE KEY `failed_jobs_uuid_unique` (`uuid`);

--
-- Indexes for table `jobs`
--
ALTER TABLE `jobs`
  ADD PRIMARY KEY (`id`),
  ADD KEY `jobs_queue_index` (`queue`);

--
-- Indexes for table `job_batches`
--
ALTER TABLE `job_batches`
  ADD PRIMARY KEY (`id`);

--
-- Indexes for table `migrations`
--
ALTER TABLE `migrations`
  ADD PRIMARY KEY (`id`);

--
-- Indexes for table `model_has_permissions`
--
ALTER TABLE `model_has_permissions`
  ADD PRIMARY KEY (`permission_id`,`model_id`,`model_type`),
  ADD KEY `model_has_permissions_model_id_model_type_index` (`model_id`,`model_type`);

--
-- Indexes for table `model_has_roles`
--
ALTER TABLE `model_has_roles`
  ADD PRIMARY KEY (`role_id`,`model_id`,`model_type`),
  ADD KEY `model_has_roles_model_id_model_type_index` (`model_id`,`model_type`);

--
-- Indexes for table `password_reset_tokens`
--
ALTER TABLE `password_reset_tokens`
  ADD PRIMARY KEY (`email`);

--
-- Indexes for table `permissions`
--
ALTER TABLE `permissions`
  ADD PRIMARY KEY (`id`),
  ADD UNIQUE KEY `permissions_name_guard_name_unique` (`name`,`guard_name`);

--
-- Indexes for table `roles`
--
ALTER TABLE `roles`
  ADD PRIMARY KEY (`id`),
  ADD UNIQUE KEY `roles_name_guard_name_unique` (`name`,`guard_name`);

--
-- Indexes for table `role_has_permissions`
--
ALTER TABLE `role_has_permissions`
  ADD PRIMARY KEY (`permission_id`,`role_id`),
  ADD KEY `role_has_permissions_role_id_foreign` (`role_id`);

--
-- Indexes for table `sessions`
--
ALTER TABLE `sessions`
  ADD PRIMARY KEY (`id`),
  ADD KEY `sessions_user_id_index` (`user_id`),
  ADD KEY `sessions_last_activity_index` (`last_activity`);

--
-- Indexes for table `users`
--
ALTER TABLE `users`
  ADD PRIMARY KEY (`id`),
  ADD UNIQUE KEY `users_email_unique` (`email`);

--
-- AUTO_INCREMENT for dumped tables
--

--
-- AUTO_INCREMENT for table `articles`
--
ALTER TABLE `articles`
  MODIFY `id` bigint(20) UNSIGNED NOT NULL AUTO_INCREMENT, AUTO_INCREMENT=5;

--
-- AUTO_INCREMENT for table `failed_jobs`
--
ALTER TABLE `failed_jobs`
  MODIFY `id` bigint(20) UNSIGNED NOT NULL AUTO_INCREMENT;

--
-- AUTO_INCREMENT for table `jobs`
--
ALTER TABLE `jobs`
  MODIFY `id` bigint(20) UNSIGNED NOT NULL AUTO_INCREMENT;

--
-- AUTO_INCREMENT for table `migrations`
--
ALTER TABLE `migrations`
  MODIFY `id` int(10) UNSIGNED NOT NULL AUTO_INCREMENT, AUTO_INCREMENT=7;

--
-- AUTO_INCREMENT for table `permissions`
--
ALTER TABLE `permissions`
  MODIFY `id` bigint(20) UNSIGNED NOT NULL AUTO_INCREMENT, AUTO_INCREMENT=20;

--
-- AUTO_INCREMENT for table `roles`
--
ALTER TABLE `roles`
  MODIFY `id` bigint(20) UNSIGNED NOT NULL AUTO_INCREMENT, AUTO_INCREMENT=7;

--
-- AUTO_INCREMENT for table `users`
--
ALTER TABLE `users`
  MODIFY `id` bigint(20) UNSIGNED NOT NULL AUTO_INCREMENT, AUTO_INCREMENT=6;

--
-- Constraints for dumped tables
--

--
-- Constraints for table `model_has_permissions`
--
ALTER TABLE `model_has_permissions`
  ADD CONSTRAINT `model_has_permissions_permission_id_foreign` FOREIGN KEY (`permission_id`) REFERENCES `permissions` (`id`) ON DELETE CASCADE;

--
-- Constraints for table `model_has_roles`
--
ALTER TABLE `model_has_roles`
  ADD CONSTRAINT `model_has_roles_role_id_foreign` FOREIGN KEY (`role_id`) REFERENCES `roles` (`id`) ON DELETE CASCADE;

--
-- Constraints for table `role_has_permissions`
--
ALTER TABLE `role_has_permissions`
  ADD CONSTRAINT `role_has_permissions_permission_id_foreign` FOREIGN KEY (`permission_id`) REFERENCES `permissions` (`id`) ON DELETE CASCADE,
  ADD CONSTRAINT `role_has_permissions_role_id_foreign` FOREIGN KEY (`role_id`) REFERENCES `roles` (`id`) ON DELETE CASCADE;
COMMIT;

/*!40101 SET CHARACTER_SET_CLIENT=@OLD_CHARACTER_SET_CLIENT */;
/*!40101 SET CHARACTER_SET_RESULTS=@OLD_CHARACTER_SET_RESULTS */;
/*!40101 SET COLLATION_CONNECTION=@OLD_COLLATION_CONNECTION */;
